,U1Trans,U1Rot,U1Scale,U1Cam,U2Trans,U2Rot,U2Scale,U2Cam,U3Trans,U3Rot,U3Scale,U3Cam,U4Trans,U4Rot,U4Scale,U4Cam,taskTotalLoad
1,0.0756457565,0.0073800738,0.032595326,0.1746617466,0.0959409594,0.0624231242,0.00399754,0.0553505535,0.0006150062,0.0467404674,0.0750307503,0.0519680197,0.3683886839,0,0,0.0415129151,0.7539218702
2,0.3008730692,0,0.0315648086,0,0.0651443922,0.0624580255,0.0087306917,0,0,0.083948959,0,0.0402955003,0.0174613835,0.0147750168,0.0342511753,0.002014775,0.5389784946
3,0.0434397163,0.0443262411,0.0753546099,0.024822695,0.115248227,0.0159574468,0.0363475177,0.0682624113,0.0540780142,0,0,0.1108156028,0.2260638298,0.0895390071,0.0079787234,0.0168439716,0.6503992902
4,0.0699960676,0.1545418797,0.010617381,0.0802202123,0,0.0066850177,0,0.2316162013,0.0224144711,0,0.0625245773,0,0.4805348014,0,0,0,0.7706530291
,0.0146123,0.0002356823,0.0386519,0,0.17393354,0.007070469,0.0002356823,0,0.1407023333,0.0007070469,0,0.0106057,0,0.29106764,0,0.005420693,0.5768505
