"","U1totalTrans","U1totalRot","U1totalScale","U1totalCam","U2totalTrans","U2totalRot","U2totalScale","U2totalCam","U3totalTrans","U3totalRot","U3totalScale","U3totalCam","allUsersTotalTrans","allUsersTotalRot","allUsersTotalScale","allUsersTotalCam"
"1",0.856093979441997,0.111650485436893,0.186335403726708,0.664948453608247,0.0851688693098385,0.888349514563107,0.304347826086957,0.376288659793814,0.161527165932452,0,0.527950310559006,0,1.10279001468429,1,1.01863354037267,1.04123711340206
"2",0.764179104477612,0.0105263157894737,1,0,0,0,0,0.871910112359551,0.241791044776119,0.989473684210526,0,0.134831460674157,1.00597014925373,1,1,1.00674157303371
"3",0.286103542234332,0.797297297297297,0.229813664596273,0,0.272479564032698,0.27027027027027,0.527950310559006,1,0.572207084468665,0,0.304347826086957,0,1.13079019073569,1.06756756756757,1.06211180124224,1
"4",0.231292517006803,0.481081081081081,0.827272727272727,0.062200956937799,0.512471655328798,0,0.0636363636363636,0,0.44671201814059,0.518918918918919,0.127272727272727,1,1.19047619047619,1,1.01818181818182,1.0622009569378
"5",0.01953125,0.00172117039586919,1,0.994565217391304,0.986328125,0.00172117039586919,0,0,0.015625,0.998278829604131,0,0.148097826086957,1.021484375,1.00172117039587,1,1.14266304347826
"6",0.370018975332068,0,0.333333333333333,1,0.787476280834915,0.410714285714286,0.0175438596491228,0,0.094876660341556,0.589285714285714,0.701754385964912,0,1.25237191650854,1,1.05263157894737,1
