,U1totalTrans,U1totalRot,U1totalScale,U1totalCam,U2totalTrans,U2totalRot,U2totalScale,U2totalCam,U3totalTrans,U3totalRot,U3totalScale,U3totalCam,U4totalTrans,U4totalRot,U4totalScale,U4totalCam,allUsersTotalTrans,allUsersTotalRot,allUsersTotalScale,allUsersTotalCam
1,0.2034454471,0.2266666667,0.255,0.1259640103,0.1493027071,0.7377777778,0.13,0.5526992288,0.1287940935,0.1288888889,0.67,0.4293059126,0.7686628384,0.0044444444,0,0.3650385604,1.2502050861,1.0977777778,1.055,1.4730077121
2,0.7225519288,0,0,0,0.3427299703,0,0.0526315789,0,0,0.8493150685,0,0.8280254777,0.0504451039,0.1506849315,1,0.1719745223,1.115727003,1,1.0526315789,1
3,0.2114882507,0.8908450704,0.502994012,0.2886904762,0.5378590078,0.2183098592,0.1556886228,0.306547619,0.3080939948,0.1971830986,0.1916167665,0.6220238095,0.1044386423,0,0.1676646707,0.0476190476,1.1618798956,1.3063380282,1.0179640719,1.2648809524
4,0,1,0,0.2653562654,0,0,0,0.9926289926,0.0113207547,0,1,0,0.9943396226,0,0,0,1.0056603774,1,1,1.257985258
,0.007009346,0.002197802,1,0,0.5373832,0.06593407,0,0,0.63434579,0.04395604,0,0,0,0.92967033,0,0,1.178738,1.041758,1,0
