,U1totalTrans,U1totalRot,U1totalScale,U1totalCam,U2totalTrans,U2totalRot,U2totalScale,U2totalCam,U3totalTrans,U3totalRot,U3totalScale,U3totalCam,U4totalTrans,U4totalRot,U4totalScale,U4totalCam,allUsersTotalTrans,allUsersTotalRot,allUsersTotalScale,allUsersTotalCam
1,0.1098265896,0,1,0,0.8901734104,0,0,0,0,1,0,0,0.2138728324,0,0,1,1.2138728324,1,1,1
2,0.7421383648,0,0,0,0.3333333333,0.4404761905,0,0.0384615385,0.0125786164,0,1,0.7692307692,0.0440251572,0.5595238095,0,0.2307692308,1.1320754717,1,1,1.0384615385
3,0.1448598131,0.40625,0,0,0.3037383178,0.59375,0.8181818182,1,0.308411215,0,0.1818181818,0,0.6168224299,0,0,0,1.3738317757,1,1,1
4,0.1811023622,0.0133333333,0.2941176471,0,0.1338582677,0.9866666667,0,1,0.0209973753,0,0.7254901961,0,0.7611548556,0,0,0,1.0971128609,1,1.0196078431,1
,0.0115942,0,1,0,0.8550725,0,0,0,0.24637681,0,0,1,0,1,0,0,1.113043,1,1,1
