,U1totalTrans,U1totalRot,U1totalScale,U1totalCam,U2totalTrans,U2totalRot,U2totalScale,U2totalCam,U3totalTrans,U3totalRot,U3totalScale,U3totalCam,allUsersTotalTrans,allUsersTotalRot,allUsersTotalScale,allUsersTotalCam
1,0.8359621451,0,0,0,0.0347003155,0.2040816327,0,0.2788461538,0.1829652997,0.9795918367,1,0.7211538462,1.0536277603,1.1836734694,1,1
2,0.8964401294,0.3333333333,0,0,0.0339805825,0.3333333333,0,1,0.1715210356,0.3333333333,1,0,1.1019417476,1,1,1
3,0.6517241379,0,0,0.0091743119,0.324137931,0,0.5454545455,0.9908256881,0.2034482759,0,0.6212121212,0,1.1793103448,0,1.1666666667,1
4,0.1129032258,0,0.66,0,0.0927419355,1,0.3,1,0.875,0,0.04,0,1.0806451613,1,1,1
5,0.2852233677,0,1,1,0.2783505155,0,0,0,0.7491408935,1,0,1,1.3127147766,1,1,2
6,0.014354067,0.1666666667,1,0.44,0.985645933,0,0,0,0,0.8333333333,0,0.96,1,1,1,1.4
7,0.4893617021,0,0,0.7419354839,0.8875379939,0,0,0,0,0,1,0.2580645161,1.376899696,0,1,1
