,U1totalTrans,U1totalRot,U1totalScale,U1totalCam,U2totalTrans,U2totalRot,U2totalScale,U2totalCam,allUsersTotalTrans,allUsersTotalRot,allUsersTotalScale,allUsersTotalCam
1,0.667027027,0,0.5474452555,0,0.4821621622,1,0.5766423358,1,1.1491891892,1,1.1240875912,1
2,0,0,0,0,1.0016722408,1,1,0,1.0016722408,1,1,0
3,0.7692307692,1,0,0.6923076923,0.4939271255,0,1,0.5846153846,1.2631578947,1,1,1.2769230769
4,0.4957555178,1,0.6730769231,0.3169014085,0.6604414261,0,0.3269230769,0.9507042254,1.156196944,1,1,1.2676056338
5,1,1,1,1,0,0,0,0,1,1,1,1
6,0.1257253385,0.9201793722,0.4603174603,0.99543379,0.9245647969,0.0950672646,0.6031746032,0.0776255708,1.0502901354,1.0152466368,1.0634920635,1.0730593607
7,0.8987783595,1,0.8032786885,0.3571428571,0.1465968586,0,0.2513661202,0.6818181818,1.0453752182,1,1.0546448087,1.038961039
