,U1totalTrans,U1totalRot,U1totalScale,U1totalCam,U2totalTrans,U2totalRot,U2totalScale,U2totalCam,U3totalTrans,U3totalRot,U3totalScale,U3totalCam,U4totalTrans,U4totalRot,U4totalScale,U4totalCam,allUsersTotalTrans,allUsersTotalRot,allUsersTotalScale,allUsersTotalCam
1,0.1560913706,0.0633245383,0.3164179104,0.6367713004,0.1979695431,0.5356200528,0.0388059701,0.201793722,0.0012690355,0.401055409,0.728358209,0.1894618834,0.7601522843,0,0,0.1513452915,1.1154822335,1,1.0835820896,1.1793721973
2,0.8373831776,0,0.4433962264,0,0.1813084112,0.40969163,0.1226415094,0,0,0.550660793,0,1,0.0485981308,0.0969162996,0.4811320755,0.05,1.0672897196,1.0572687225,1.0471698113,1.05
3,0.1177884615,0.3184713376,0.6746031746,0.1421319797,0.3125,0.1146496815,0.3253968254,0.3908629442,0.1466346154,0,0,0.6345177665,0.6129807692,0.6433121019,0.0714285714,0.0964467005,1.1899038462,1.076433121,1.0714285714,1.2639593909
4,0.1360856269,0.9703703704,0.1451612903,0.3,0,0.0419753086,0,0.8661764706,0.0435779817,0,0.8548387097,0,0.9342507645,0,0,0,1.1139143731,1.012345679,1,1.1661764706
,0.04813665,0.0007993605,0.9939394,0,0.5729814,0.02398082,0.006060606,0,0.463509317,0.002398082,0,0.9782609,0,0.9872102,0,0.5,1.084627,1.014388,1,1.478261
