,U1Trans,U1Rot,U1Scale,U1Cam,U2Trans,U2Rot,U2Scale,U2Cam,U3Trans,U3Rot,U3Scale,U3Cam,U4Trans,U4Rot,U4Scale,U4Cam,taskTotalLoad
1,0.1425287356,0.0293103448,0.0293103448,0.0281609195,0.1045977011,0.0954022989,0.0149425287,0.1235632184,0.0902298851,0.0166666667,0.0770114943,0.0959770115,0.5385057471,0.0005747126,0,0.0816091954,0.8734905118
2,0.3391364903,0,0,0,0.1608635097,0,0.0034818942,0,0,0.0431754875,0,0.0905292479,0.0236768802,0.0076601671,0.0661559889,0.0188022284,0.5993031359
3,0.0633802817,0.1979655712,0.0657276995,0.0758998435,0.1611893584,0.048513302,0.0203442879,0.0805946792,0.0923317684,0.0438184664,0.0250391236,0.1635367762,0.0312989045,0,0.0219092332,0.0125195618,0.6961628818
4,0,0.2964899178,0,0.0806572069,0,0,0,0.3017176998,0.0044809559,0,0.073935773,0,0.3935772965,0,0,0,0.7668161435
,0.002645503,0.0004409171,0.08112875,0,0.2028219,0.01322751,0,0,0.239417989,0.008818342,0,0,0,0.1865079365,0,0,0.5774151
