"","U1totalTrans","U1totalRot","U1totalScale","U1totalCam","U2totalTrans","U2totalRot","U2totalScale","U2totalCam","U3totalTrans","U3totalRot","U3totalScale","U3totalCam","U4totalTrans","U4totalRot","U4totalScale","U4totalCam","allUsersTotalTrans","allUsersTotalRot","allUsersTotalScale","allUsersTotalCam"
"1",0,0,0,0.78515625,0.591397849462366,0.434782608695652,0,0.078125,0.0940860215053763,0.565217391304348,1,0.01953125,0.368279569892473,0,0,0.3125,1.05376344086022,1,1,1.1953125
"2",0.788461538461538,0,0,0,0.256410256410256,0.807228915662651,0.338709677419355,0.274193548387097,0,0.120481927710843,0.67741935483871,1,0.102564102564103,0.072289156626506,0.0806451612903226,0.112903225806452,1.1474358974359,1,1.09677419354839,1.38709677419355
"3",0.0858369098712446,0,0.508196721311475,0,0.334763948497854,1,0.213114754098361,1,0.351931330472103,0,0,0,0.566523605150215,0,0.491803278688525,0,1.33905579399142,1,1.21311475409836,1
"4",0.387533875338753,0.178294573643411,0,0,0.249322493224932,0.930232558139535,0.253968253968254,1,0.0989159891598916,0,0.746031746031746,0,0.53929539295393,0,0,0,1.27506775067751,1.10852713178295,1,1
