"","U1Trans","U1Rot","U1Scale","U1Cam","U2Trans","U2Rot","U2Scale","U2Cam","U3Trans","U3Rot","U3Scale","U3Cam","U4Trans","U4Rot","U4Scale","U4Cam","taskTotalLoad"
"1",0.0444964871194379,0,0.128805620608899,0,0.360655737704918,0,0,0,0,0.203747072599532,0,0,0.0866510538641686,0,0,0.26463700234192,0.774647887323944
"2",0.363076923076923,0,0,0,0.163076923076923,0.113846153846154,0,0.00307692307692308,0.00615384615384615,0,0.123076923076923,0.0615384615384615,0.0215384615384615,0.144615384615385,0,0.0184615384615385,0.716049382716049
"3",0.0914454277286136,0.0766961651917404,0,0,0.191740412979351,0.112094395280236,0.0530973451327434,0.0294985250737463,0.194690265486726,0,0.0117994100294985,0,0.389380530973451,0,0,0,0.757396449704142
"4",0.0929919137466307,0.00134770889487871,0.0202156334231806,0,0.068733153638814,0.0997304582210243,0,0.185983827493261,0.0107816711590297,0,0.0498652291105121,0,0.390835579514825,0,0,0,0.692307692307692
