,U1Trans,U1Rot,U1Scale,U1Cam,U2Trans,U2Rot,U2Scale,U2Cam,U3Trans,U3Rot,U3Scale,U3Cam,U4Trans,U4Rot,U4Scale,U4Cam,taskTotalLoad
1,0.0444964871,0,0.1288056206,0,0.3606557377,0,0,0,0,0.2037470726,0,0,0.0866510539,0,0,0.2646370023,0.7746478873
2,0.3630769231,0,0,0,0.1630769231,0.1138461538,0,0.0030769231,0.0061538462,0,0.1230769231,0.0615384615,0.0215384615,0.1446153846,0,0.0184615385,0.7160493827
3,0.0914454277,0.0766961652,0,0,0.191740413,0.1120943953,0.0530973451,0.0294985251,0.1946902655,0,0.01179941,0,0.389380531,0,0,0,0.7573964497
4,0.0929919137,0.0013477089,0.0202156334,0,0.0687331536,0.0997304582,0,0.1859838275,0.0107816712,0,0.0498652291,0,0.3908355795,0,0,0,0.6923076923
,0.006504065,0,0.03739837,0,0.4796748,0,0,0,0.138211382,0,0,0.0601626,0,0.2276423,0,0,0.742671
