,U1totalTrans,U1totalRot,U1totalScale,U1totalCam,U2totalTrans,U2totalRot,U2totalScale,U2totalCam,allUsersTotalTrans,allUsersTotalRot,allUsersTotalScale,allUsersTotalCam
1,0.7566137566,0,0,0,0.4285714286,1,1,1,1.1851851852,1,1,1
2,0,0,0,0,1.010989011,1,1,0,1.010989011,1,1,0
3,0.5721393035,1,0,0,0.6865671642,0,1,0,1.2587064677,1,1,0
4,0.5042016807,1,1,0.847826087,0.7478991597,0,0,0.9565217391,1.2521008403,1,1,1.8043478261
5,1,0,1,0,0,0,0,0,1,0,1,0
6,0.0212765957,1,0.0952380952,1,1,0,0.9047619048,0,1.0212765957,1,1,1
7,0.8775510204,0.3852459016,1,0,0.1714285714,0.6147540984,0,1,1.0489795918,1,1,1
