"","U1Trans","U1Rot","U1Scale","U1Cam","U2Trans","U2Rot","U2Scale","U2Cam","U3Trans","U3Rot","U3Scale","U3Cam","U4Trans","U4Rot","U4Scale","U4Cam"
"1",0.100367197062424,0.00979192166462668,0.0432476540187679,0.231742146062831,0.127294981640147,0.0828233374133007,0.00530395756833945,0.0734394124847001,0.000815993472052224,0.062015503875969,0.0995512035903713,0.0689514483884129,0.488780089759282,0,0,0.0550795593635251
"2",0.55860349127182,0,0.0586034912718204,0,0.120947630922693,0.115960099750623,0.0162094763092269,0,0,0.155860349127182,0,0.0748129675810474,0.0324189526184539,0.027431421446384,0.0635910224438903,0.00374064837905237
"3",0.0668485675306958,0.0682128240109141,0.115961800818554,0.0381991814461119,0.177353342428377,0.0245566166439291,0.0559345156889495,0.105047748976808,0.0832196452933151,0,0,0.170532060027285,0.347885402455662,0.137789904502046,0.0122783083219645,0.0259208731241473
"4",0.0908626850433895,0.200612557427259,0.0137825421133231,0.104134762633997,0,0.00867789688616641,0,0.30066360387953,0.0290964777947933,0,0.0811638591117917,0,0.62378764675855,0,0,0
