,U1totalTrans,U1totalRot,U1totalScale,U1totalCam,U2totalTrans,U2totalRot,U2totalScale,U2totalCam,U3totalTrans,U3totalRot,U3totalScale,U3totalCam,allUsersTotalTrans,allUsersTotalRot,allUsersTotalScale,allUsersTotalCam
1,0.8538011696,0,0,0,0.0029239766,0.9743589744,0,0.3966942149,0.3479532164,0.0256410256,1,0.6033057851,1.2046783626,1,1,1
2,0.9829545455,0.0071428571,0,0,0,1,0,0,0.0909090909,0,1,0,1.0738636364,1.0071428571,1,0
3,0.6063829787,0,1,0,0,0,0,0.9240506329,0.6028368794,1,0,0.2215189873,1.2092198582,1,1,1.1455696203
4,0.1043956044,0.5555555556,0.9375,0,0.1263736264,0.4444444444,0,1,0.7912087912,0,0.1875,0,1.021978022,1,1.125,1
5,0.4017857143,0.0178571429,1,0,0.3348214286,0,0,0,0.5669642857,1,0,0,1.3035714286,1.0178571429,1,0
6,0.0042016807,0,1,1,1.0042016807,0,0,0,0,1,0,0.380952381,1.0084033613,1,1,1.380952381
7,0.2781609195,0,0.1228070175,0.7766497462,0.7563218391,0,0.2807017544,0.4416243655,0.0712643678,1,0.7894736842,0.0203045685,1.1057471264,1,1.1929824561,1.2385786802
