"","U1totalTrans","U1totalRot","U1totalScale","U1totalCam","U2totalTrans","U2totalRot","U2totalScale","U2totalCam","U3totalTrans","U3totalRot","U3totalScale","U3totalCam","U4totalTrans","U4totalRot","U4totalScale","U4totalCam","allUsersTotalTrans","allUsersTotalRot","allUsersTotalScale","allUsersTotalCam"
"1",0.203445447087777,0.226666666666667,0.255,0.125964010282776,0.149302707136998,0.737777777777778,0.13,0.552699228791774,0.128794093519278,0.128888888888889,0.67,0.429305912596401,0.768662838392125,0.00444444444444444,0,0.365038560411311,1.25020508613618,1.09777777777778,1.055,1.47300771208226
"2",0.722551928783383,0,0,0,0.34272997032641,0,0.0526315789473684,0,0,0.849315068493151,0,0.828025477707006,0.0504451038575668,0.150684931506849,1,0.171974522292994,1.11572700296736,1,1.05263157894737,1
"3",0.211488250652742,0.890845070422535,0.502994011976048,0.288690476190476,0.537859007832898,0.21830985915493,0.155688622754491,0.306547619047619,0.308093994778068,0.197183098591549,0.191616766467066,0.62202380952381,0.10443864229765,0,0.167664670658683,0.0476190476190476,1.16187989556136,1.30633802816901,1.01796407185629,1.26488095238095
"4",0,1,0,0.265356265356265,0,0,0,0.992628992628993,0.0113207547169811,0,1,0,0.994339622641509,0,0,0,1.00566037735849,1,1,1.25798525798526
