"","U1Trans","U1Rot","U1Scale","U1Cam","U2Trans","U2Rot","U2Scale","U2Cam","U3Trans","U3Rot","U3Scale","U3Cam","U4Trans","U4Rot","U4Scale","U4Cam","taskTotalLoad"
"1",0,0,0,0.213375796178344,0.233545647558386,0.0212314225053079,0,0.0212314225053079,0.0371549893842887,0.0276008492569002,0.176220806794055,0.00530785562632696,0.145435244161359,0,0,0.0849256900212314,0.656748140276302
"2",0.279545454545455,0,0,0,0.0909090909090909,0.152272727272727,0.0477272727272727,0.0386363636363636,0,0.0227272727272727,0.0954545454545455,0.140909090909091,0.0363636363636364,0.0136363636363636,0.0113636363636364,0.0159090909090909,0.646924829157175
"3",0.0473933649289099,0,0.0734597156398104,0,0.184834123222749,0.0355450236966825,0.0308056872037915,0.018957345971564,0.194312796208531,0,0,0,0.312796208530806,0,0.0710900473933649,0,0.636579572446556
"4",0.263837638376384,0.0212177121771218,0,0,0.169741697416974,0.11070110701107,0.014760147601476,0.160516605166052,0.0673431734317343,0,0.0433579335793358,0,0.367158671586716,0,0,0,0.766389658356417
