"","U1totalTrans","U1totalRot","U1totalScale","U1totalCam","U2totalTrans","U2totalRot","U2totalScale","U2totalCam","U3totalTrans","U3totalRot","U3totalScale","U3totalCam","U4totalTrans","U4totalRot","U4totalScale","U4totalCam","allUsersTotalTrans","allUsersTotalRot","allUsersTotalScale","allUsersTotalCam"
"1",0.109826589595376,0,1,0,0.890173410404624,0,0,0,0,1,0,0,0.213872832369942,0,0,1,1.21387283236994,1,1,1
"2",0.742138364779874,0,0,0,0.333333333333333,0.44047619047619,0,0.0384615384615385,0.0125786163522013,0,1,0.769230769230769,0.0440251572327044,0.55952380952381,0,0.230769230769231,1.13207547169811,1,1,1.03846153846154
"3",0.144859813084112,0.40625,0,0,0.303738317757009,0.59375,0.818181818181818,1,0.308411214953271,0,0.181818181818182,0,0.616822429906542,0,0,0,1.37383177570093,1,1,1
"4",0.181102362204724,0.0133333333333333,0.294117647058824,0,0.133858267716535,0.986666666666667,0,1,0.020997375328084,0,0.725490196078431,0,0.761154855643045,0,0,0,1.09711286089239,1,1.01960784313725,1
