,U1totalTrans,U1totalRot,U1totalScale,U1totalCam,U2totalTrans,U2totalRot,U2totalScale,U2totalCam,U3totalTrans,U3totalRot,U3totalScale,U3totalCam,U4totalTrans,U4totalRot,U4totalScale,U4totalCam,allUsersTotalTrans,allUsersTotalRot,allUsersTotalScale,allUsersTotalCam
1,0,0,0,0.78515625,0.5913978495,0.4347826087,0,0.078125,0.0940860215,0.5652173913,1,0.01953125,0.3682795699,0,0,0.3125,1.0537634409,1,1,1.1953125
2,0.7884615385,0,0,0,0.2564102564,0.8072289157,0.3387096774,0.2741935484,0,0.1204819277,0.6774193548,1,0.1025641026,0.0722891566,0.0806451613,0.1129032258,1.1474358974,1,1.0967741935,1.3870967742
3,0.0858369099,0,0.5081967213,0,0.3347639485,1,0.2131147541,1,0.3519313305,0,0,0,0.5665236052,0,0.4918032787,0,1.339055794,1,1.2131147541,1
4,0.3875338753,0.1782945736,0,0,0.2493224932,0.9302325581,0.253968254,1,0.0989159892,0,0.746031746,0,0.539295393,0,0,0,1.2750677507,1.1085271318,1,1
,0,0,1,0,0.8395062,0,0,0,0.51851852,NaN,0,0,0,0,0,0,1.358025,0,1,0
