,U1Trans,U1Rot,U1Scale,U1Cam,U2Trans,U2Rot,U2Scale,U2Cam,U3Trans,U3Rot,U3Scale,U3Cam,U4Trans,U4Rot,U4Scale,U4Cam,taskTotalLoad
1,0,0,0,0.2133757962,0.2335456476,0.0212314225,0,0.0212314225,0.0371549894,0.0276008493,0.1762208068,0.0053078556,0.1454352442,0,0,0.08492569,0.6567481403
2,0.2795454545,0,0,0,0.0909090909,0.1522727273,0.0477272727,0.0386363636,0,0.0227272727,0.0954545455,0.1409090909,0.0363636364,0.0136363636,0.0113636364,0.0159090909,0.6469248292
3,0.0473933649,0,0.0734597156,0,0.1848341232,0.0355450237,0.0308056872,0.018957346,0.1943127962,0,0,0,0.3127962085,0,0.0710900474,0,0.6365795724
4,0.2638376384,0.0212177122,0,0,0.1697416974,0.110701107,0.0147601476,0.1605166052,0.0673431734,0,0.0433579336,0,0.3671586716,0,0,0,0.7663896584
,0,0,0.1804734,0,0.8047337,0,0,0,0.49704142,0,0,0,0,0,0,0,0.8756477
