"","U1Trans","U1Rot","U1Scale","U1Cam","U2Trans","U2Rot","U2Scale","U2Cam","U3Trans","U3Rot","U3Scale","U3Cam","U4Trans","U4Rot","U4Scale","U4Cam"
"1",0.163265306122449,0.0335747202106649,0.0335747202106649,0.032258064516129,0.119815668202765,0.109282422646478,0.0171165240289664,0.141540487162607,0.103357472021066,0.0190915075707702,0.0882159315339039,0.109940750493746,0.616853192890059,0.000658327847267939,0,0.0934825543120474
"2",0.566279069767442,0,0,0,0.268604651162791,0,0.00581395348837209,0,0,0.072093023255814,0,0.151162790697674,0.0395348837209302,0.0127906976744186,0.11046511627907,0.0313953488372093
"3",0.0911136107986502,0.28458942632171,0.094488188976378,0.109111361079865,0.231721034870641,0.0697412823397075,0.0292463442069741,0.115860517435321,0.132733408323959,0.062992125984252,0.0359955005624297,0.235095613048369,0.0449943757030371,0,0.031496062992126,0.0179977502812148
"4",0,0.386939571150097,0,0.105263157894737,0,0,0,0.393762183235867,0.00584795321637427,0,0.0964912280701754,0,0.51364522417154,0,0,0
