,U1totalTrans,U1totalRot,U1totalScale,U1totalCam,U2totalTrans,U2totalRot,U2totalScale,U2totalCam,allUsersTotalTrans,allUsersTotalRot,allUsersTotalScale,allUsersTotalCam
1,0.6728110599,0,0.2671755725,0.3920454545,0.3870967742,1,0.8015267176,0.6875,1.0599078341,1,1.0687022901,1.0795454545
2,0,0,0,0,1,0,1,0,1,0,1,0
3,0.4316546763,1,0,0,0.7913669065,0,1,0,1.2230215827,1,1,0
4,0.8447204969,0,0.775862069,0,0.2298136646,0,0.224137931,1,1.0745341615,0,1,1
5,1,0,0,0,0,0,0,0,1,0,0,0
6,0.2240437158,1,0.0841121495,1,0.7841530055,0,0.9719626168,0,1.0081967213,1,1.0560747664,1
7,0.9964788732,1,0.9696969697,0,0.0492957746,0,0.0606060606,1,1.0457746479,1,1.0303030303,1
